{"learner":{"attributes":{"scikit_learn":"{\"_estimator_type\": \"classifier\"}"},"feature_names":["Pregnancies","Glucose","BloodPressure","SkinThickness","Insulin","BMI","DiabetesPedigreeFunction","Age"],"feature_types":["float","float","float","float","float","float","float","float"],"gradient_booster":{"model":{"gbtree_model_param":{"num_parallel_tree":"1","num_trees":"10"},"iteration_indptr":[0,1,2,3,4,5,6,7,8,9,10],"tree_info":[0,0,0,0,0,0,0,0,0,0],"trees":[{"base_weights":[-1.8796433E-2,-7.117267E-1,1.1950217E0,-3.7560126E-1,4.6855714E-3,-4.9155373E-2,5.010425E-1],"categories":[],"categories_nodes":[],"categories_segments":[],"categories_sizes":[],"default_left":[0,0,0,0,0,0,0],"id":0,"left_children":[1,3,5,-1,-1,-1,-1],"loss_changes":[1.0503691E2,3.125327E1,2.9578026E1,0E0,0E0,0E0,0E0],"parents":[2147483647,0,0,1,1,2,2],"right_children":[2,4,6,-1,-1,-1,-1],"split_conditions":[2.0010205E-1,-3.1059545E-1,-3.223685E-1,-3.7560126E-1,4.6855714E-3,-4.9155373E-2,5.010425E-1],"split_indices":[1,7,5,0,0,0,0],"split_type":[0,0,0,0,0,0,0],"sum_hessian":[1.22870476E2,7.8481514E1,4.438896E1,4.461777E1,3.3863743E1,1.1669263E1,3.2719696E1],"tree_param":{"num_deleted":"0","num_feature":"8","num_nodes":"7","size_leaf_vector":"1"}},{"base_weights":[-2.8944772E-2,-3.671442E-1,4.689173E-1,-3.7854502E-1,-8.6423025E-2,-1.8046647E-1,1.5240763E-1],"categories":[],"categories_nodes":[],"categories_segments":[],"categories_sizes":[],"default_left":[0,0,0,0,0,0,0],"id":1,"left_children":[1,3,-1,-1,5,-1,-1],"loss_changes":[6.563921E1,2.5127354E1,0E0,0E0,2.4055134E1,0E0,0E0],"parents":[2147483647,0,0,1,1,4,4],"right_children":[2,4,-1,-1,6,-1,-1],"split_conditions":[1.0967965E0,-8.603785E-1,4.689173E-1,-3.7854502E-1,-1.253764E-1,-1.8046647E-1,1.5240763E-1],"split_indices":[1,5,0,0,7,0,0],"split_type":[0,0,0,0,0,0,0],"sum_hessian":[1.1984623E2,9.9482E1,2.0364227E1,2.2924755E1,7.655724E1,4.1008507E1,3.554874E1],"tree_param":{"num_deleted":"0","num_feature":"8","num_nodes":"7","size_leaf_vector":"1"}},{"base_weights":[-2.9651914E-2,-2.3189966E-1,1.2685452E-1],"categories":[],"categories_nodes":[],"categories_segments":[],"categories_sizes":[],"default_left":[0,0,0],"id":2,"left_children":[1,-1,-1],"loss_changes":[3.9117615E1,0E0,0E0],"parents":[2147483647,0,0],"right_children":[2,-1,-1],"split_conditions":[-3.3127248E-1,-2.3189966E-1,1.2685452E-1],"split_indices":[1,0,0],"split_type":[0,0,0],"sum_hessian":[1.143235E2,4.299121E1,7.133229E1],"tree_param":{"num_deleted":"0","num_feature":"8","num_nodes":"3","size_leaf_vector":"1"}},{"base_weights":[-2.7515931E-2,-7.918877E-2,3.0807024E-1],"categories":[],"categories_nodes":[],"categories_segments":[],"categories_sizes":[],"default_left":[0,0,0],"id":3,"left_children":[1,-1,-1],"loss_changes":[2.820026E1,0E0,0E0],"parents":[2147483647,0,0],"right_children":[2,-1,-1],"split_conditions":[1.0967965E0,-7.918877E-2,3.0807024E-1],"split_indices":[1,0,0],"split_type":[0,0,0],"sum_hessian":[1.11024506E2,9.130056E1,1.9723946E1],"tree_param":{"num_deleted":"0","num_feature":"8","num_nodes":"3","size_leaf_vector":"1"}},{"base_weights":[-1.6720949E-2,-2.1267912E-1,8.840604E-2],"categories":[],"categories_nodes":[],"categories_segments":[],"categories_sizes":[],"default_left":[0,0,0],"id":4,"left_children":[1,-1,-1],"loss_changes":[2.348471E1,0E0,0E0],"parents":[2147483647,0,0],"right_children":[2,-1,-1],"split_conditions":[-4.8676047E-1,-2.1267912E-1,8.840604E-2],"split_indices":[5,0,0],"split_type":[0,0,0],"sum_hessian":[1.0697859E2,3.2797806E1,7.4180786E1],"tree_param":{"num_deleted":"0","num_feature":"8","num_nodes":"3","size_leaf_vector":"1"}},{"base_weights":[-1.6706256E-2,-2.637703E-1,6.1636776E-2],"categories":[],"categories_nodes":[],"categories_segments":[],"categories_sizes":[],"default_left":[0,0,0],"id":5,"left_children":[1,-1,-1],"loss_changes":[2.0444708E1,0E0,0E0],"parents":[2147483647,0,0],"right_children":[2,-1,-1],"split_conditions":[-7.298034E-1,-2.637703E-1,6.1636776E-2],"split_indices":[1,0,0],"split_type":[0,0,0],"sum_hessian":[1.0475067E2,2.0848867E1,8.39018E1],"tree_param":{"num_deleted":"0","num_feature":"8","num_nodes":"3","size_leaf_vector":"1"}},{"base_weights":[-1.7967505E-2],"categories":[],"categories_nodes":[],"categories_segments":[],"categories_sizes":[],"default_left":[0],"id":6,"left_children":[-1],"loss_changes":[0E0],"parents":[2147483647],"right_children":[-1],"split_conditions":[-5.390252E-3],"split_indices":[0],"split_type":[0],"sum_hessian":[1.025327E2],"tree_param":{"num_deleted":"0","num_feature":"8","num_nodes":"1","size_leaf_vector":"1"}},{"base_weights":[-1.2647779E-2],"categories":[],"categories_nodes":[],"categories_segments":[],"categories_sizes":[],"default_left":[0],"id":7,"left_children":[-1],"loss_changes":[0E0],"parents":[2147483647],"right_children":[-1],"split_conditions":[-3.7943337E-3],"split_indices":[0],"split_type":[0],"sum_hessian":[1.0240788E2],"tree_param":{"num_deleted":"0","num_feature":"8","num_nodes":"1","size_leaf_vector":"1"}},{"base_weights":[-8.899422E-3],"categories":[],"categories_nodes":[],"categories_segments":[],"categories_sizes":[],"default_left":[0],"id":8,"left_children":[-1],"loss_changes":[0E0],"parents":[2147483647],"right_children":[-1],"split_conditions":[-2.6698268E-3],"split_indices":[0],"split_type":[0],"sum_hessian":[1.0231963E2],"tree_param":{"num_deleted":"0","num_feature":"8","num_nodes":"1","size_leaf_vector":"1"}},{"base_weights":[-6.2599853E-3],"categories":[],"categories_nodes":[],"categories_segments":[],"categories_sizes":[],"default_left":[0],"id":9,"left_children":[-1],"loss_changes":[0E0],"parents":[2147483647],"right_children":[-1],"split_conditions":[-1.8779957E-3],"split_indices":[0],"split_type":[0],"sum_hessian":[1.0225735E2],"tree_param":{"num_deleted":"0","num_feature":"8","num_nodes":"1","size_leaf_vector":"1"}}]},"name":"gbtree"},"learner_model_param":{"base_score":"3.5442892E-1","boost_from_average":"1","num_class":"0","num_feature":"8","num_target":"1"},"objective":{"name":"binary:logistic","reg_loss_param":{"scale_pos_weight":"1"}}},"version":[2,0,3]}